response,country
2,Burkina_Faso
5,Burkina_Faso
2,Burkina_Faso
2,Burkina_Faso
2,Burkina_Faso
2,Burkina_Faso
2,Burkina_Faso
2,Burkina_Faso
3,Burkina_Faso
1,Burkina_Faso
2,Burkina_Faso
2,Burkina_Faso
2,Burkina_Faso
2,Burkina_Faso
2,Burkina_Faso
2,Burkina_Faso
2,Burkina_Faso
2,Burkina_Faso
3,Burkina_Faso
3,Burkina_Faso
4,Burkina_Faso
3,Burkina_Faso
2,Burkina_Faso
3,Burkina_Faso
4,Burkina_Faso
3,Burkina_Faso
3,Burkina_Faso
2,Burkina_Faso
3,Burkina_Faso
3,Burkina_Faso
3,Burkina_Faso
2,Burkina_Faso
3,Burkina_Faso
3,Burkina_Faso
3,Burkina_Faso
3,Burkina_Faso
3,Burkina_Faso
3,Burkina_Faso
3,Burkina_Faso
3,Burkina_Faso
4,Burkina_Faso
5,Burkina_Faso
3,Burkina_Faso
2,Burkina_Faso
2,Burkina_Faso
2,Burkina_Faso
2,Burkina_Faso
2,Burkina_Faso
3,Burkina_Faso
2,Burkina_Faso
2,Burkina_Faso
2,Burkina_Faso
2,Burkina_Faso
3,Burkina_Faso
3,Burkina_Faso
3,Burkina_Faso
3,Burkina_Faso
3,Burkina_Faso
3,Burkina_Faso
3,Burkina_Faso
3,Burkina_Faso
3,Burkina_Faso
2,Burkina_Faso
3,Burkina_Faso
3,Burkina_Faso
3,Burkina_Faso
3,Burkina_Faso
3,Burkina_Faso
2,Burkina_Faso
3,Burkina_Faso
3,Burkina_Faso
3,Burkina_Faso
2,Burkina_Faso
2,Burkina_Faso
2,Burkina_Faso
2,Burkina_Faso
2,Burkina_Faso
1,Burkina_Faso
1,Burkina_Faso
2,Burkina_Faso
5,Burkina_Faso
2,Burkina_Faso
2,Burkina_Faso
2,Burkina_Faso
2,Burkina_Faso
2,Burkina_Faso
2,Burkina_Faso
2,Burkina_Faso
2,Burkina_Faso
2,Burkina_Faso
2,Burkina_Faso
3,Burkina_Faso
4,Burkina_Faso
4,Burkina_Faso
3,Burkina_Faso
3,Burkina_Faso
3,Burkina_Faso
3,Burkina_Faso
2,Burkina_Faso
3,Burkina_Faso
3,Burkina_Faso
3,Burkina_Faso
2,Burkina_Faso
2,Burkina_Faso
2,Burkina_Faso
4,Burkina_Faso
4,Burkina_Faso
2,Burkina_Faso
3,Burkina_Faso
3,Burkina_Faso
2,Burkina_Faso
2,Burkina_Faso
4,Burkina_Faso
3,Burkina_Faso
2,Burkina_Faso
3,Burkina_Faso
3,Burkina_Faso
2,Burkina_Faso
3,Burkina_Faso
3,Burkina_Faso
2,Burkina_Faso
3,Burkina_Faso
3,Burkina_Faso
2,Burkina_Faso
3,Burkina_Faso
2,Burkina_Faso
3,Burkina_Faso
2,Burkina_Faso
2,Burkina_Faso
2,Burkina_Faso
3,Burkina_Faso
2,Burkina_Faso
2,Burkina_Faso
2,Burkina_Faso
2,Burkina_Faso
3,Burkina_Faso
2,Burkina_Faso
3,Burkina_Faso
3,Burkina_Faso
3,Burkina_Faso
2,Burkina_Faso
2,Burkina_Faso
2,Burkina_Faso
2,Burkina_Faso
2,Burkina_Faso
2,Burkina_Faso
2,Burkina_Faso
2,Burkina_Faso
2,Burkina_Faso
3,Burkina_Faso
2,Burkina_Faso
3,Burkina_Faso
2,Burkina_Faso
3,Burkina_Faso
2,Burkina_Faso
2,Burkina_Faso
2,Burkina_Faso
2,Burkina_Faso
2,Burkina_Faso
2,Burkina_Faso
2,Burkina_Faso
3,Burkina_Faso
2,Burkina_Faso
2,Burkina_Faso
2,Burkina_Faso
2,Burkina_Faso
2,Burkina_Faso
2,Burkina_Faso
4,Burkina_Faso
4,Burkina_Faso
4,Burkina_Faso
5,Burkina_Faso
2,Burkina_Faso
5,Burkina_Faso
3,Burkina_Faso
2,Burkina_Faso
1,Burkina_Faso
1,Burkina_Faso
3,Burkina_Faso
1,Burkina_Faso
2,Burkina_Faso
2,Burkina_Faso
1,Burkina_Faso
2,Burkina_Faso
2,Burkina_Faso
2,Burkina_Faso
3,Burkina_Faso
1,Burkina_Faso
1,Burkina_Faso
3,Burkina_Faso
1,Burkina_Faso
1,Burkina_Faso
1,Burkina_Faso
4,Burkina_Faso
3,Burkina_Faso
1,Burkina_Faso
2,Burkina_Faso
2,Burkina_Faso
3,Burkina_Faso
3,Burkina_Faso
3,Burkina_Faso
2,Burkina_Faso
2,Burkina_Faso
1,Burkina_Faso
1,Burkina_Faso
1,Burkina_Faso
3,Burkina_Faso
2,Burkina_Faso
2,Burkina_Faso
1,Burkina_Faso
1,Burkina_Faso
3,Burkina_Faso
3,Burkina_Faso
1,Burkina_Faso
4,Burkina_Faso
1,Burkina_Faso
2,Burkina_Faso
2,Burkina_Faso
2,Burkina_Faso
2,Burkina_Faso
2,Burkina_Faso
2,Burkina_Faso
1,Burkina_Faso
1,Burkina_Faso
1,Burkina_Faso
2,Burkina_Faso
3,Burkina_Faso
2,Burkina_Faso
1,Burkina_Faso
2,Burkina_Faso
1,Burkina_Faso
2,Burkina_Faso
1,Burkina_Faso
1,Burkina_Faso
1,Burkina_Faso
1,Burkina_Faso
2,Burkina_Faso
1,Burkina_Faso
2,Burkina_Faso
3,Burkina_Faso
1,Burkina_Faso
3,Burkina_Faso
2,Burkina_Faso
2,Burkina_Faso
4,Burkina_Faso
3,Burkina_Faso
3,Burkina_Faso
2,Burkina_Faso
2,Burkina_Faso
4,Burkina_Faso
1,Burkina_Faso
2,Burkina_Faso
1,Burkina_Faso
3,Burkina_Faso
1,Burkina_Faso
1,Burkina_Faso
1,Burkina_Faso
2,Burkina_Faso
3,Burkina_Faso
2,Burkina_Faso
2,Burkina_Faso
2,Burkina_Faso
2,Burkina_Faso
2,Burkina_Faso
2,Burkina_Faso
3,Burkina_Faso
2,Burkina_Faso
1,Burkina_Faso
2,Burkina_Faso
4,Burkina_Faso
1,Burkina_Faso
1,Burkina_Faso
1,Burkina_Faso
1,Burkina_Faso
1,Burkina_Faso
1,Burkina_Faso
2,Burkina_Faso
1,Burkina_Faso
1,Burkina_Faso
3,Burkina_Faso
2,Burkina_Faso
1,Burkina_Faso
3,Burkina_Faso
4,Burkina_Faso
3,Burkina_Faso
1,Burkina_Faso
4,Burkina_Faso
4,Burkina_Faso
3,Burkina_Faso
1,Burkina_Faso
2,Burkina_Faso
1,Burkina_Faso
1,Burkina_Faso
3,Burkina_Faso
2,Burkina_Faso
3,Burkina_Faso
3,Burkina_Faso
4,Burkina_Faso
1,Burkina_Faso
2,Burkina_Faso
1,Burkina_Faso
2,Burkina_Faso
2,Burkina_Faso
1,Burkina_Faso
1,Burkina_Faso
3,Burkina_Faso
1,Burkina_Faso
2,Burkina_Faso
4,Burkina_Faso
1,Burkina_Faso
3,Burkina_Faso
1,Burkina_Faso
4,Burkina_Faso
2,Burkina_Faso
2,Burkina_Faso
2,Burkina_Faso
2,Burkina_Faso
2,Burkina_Faso
2,Burkina_Faso
3,Burkina_Faso
1,Burkina_Faso
1,Burkina_Faso
2,Burkina_Faso
2,Burkina_Faso
2,Burkina_Faso
1,Burkina_Faso
1,Burkina_Faso
1,Burkina_Faso
2,Burkina_Faso
1,Burkina_Faso
3,Burkina_Faso
2,Burkina_Faso
1,Burkina_Faso
4,Burkina_Faso
3,Burkina_Faso
3,Burkina_Faso
3,Burkina_Faso
3,Burkina_Faso
4,Burkina_Faso
3,Burkina_Faso
3,Burkina_Faso
3,Burkina_Faso
3,Burkina_Faso
2,Burkina_Faso
3,Burkina_Faso
1,Burkina_Faso
1,Burkina_Faso
3,Burkina_Faso
2,Burkina_Faso
2,Burkina_Faso
4,Burkina_Faso
1,Burkina_Faso
2,Burkina_Faso
1,Burkina_Faso
1,Burkina_Faso
2,Burkina_Faso
1,Burkina_Faso
2,Burkina_Faso
1,Burkina_Faso
1,Burkina_Faso
1,Burkina_Faso
1,Burkina_Faso
1,Burkina_Faso
1,Burkina_Faso
1,Burkina_Faso
4,Burkina_Faso
1,Burkina_Faso
1,Burkina_Faso
4,Burkina_Faso
1,Burkina_Faso
4,Burkina_Faso
1,Burkina_Faso
1,Burkina_Faso
1,Burkina_Faso
3,Burkina_Faso
1,Burkina_Faso
1,Burkina_Faso
1,Burkina_Faso
1,Burkina_Faso
1,Burkina_Faso
5,Burkina_Faso
3,Burkina_Faso
1,Burkina_Faso
2,Burkina_Faso
2,Burkina_Faso
2,Burkina_Faso
1,Burkina_Faso
3,Burkina_Faso
2,Burkina_Faso
1,Burkina_Faso
3,Burkina_Faso
1,Burkina_Faso
3,Burkina_Faso
2,Burkina_Faso
3,Burkina_Faso
3,Burkina_Faso
1,Burkina_Faso
2,Burkina_Faso
2,Burkina_Faso
1,Burkina_Faso
1,Burkina_Faso
2,Burkina_Faso
1,Burkina_Faso
1,Burkina_Faso
3,Burkina_Faso
1,Burkina_Faso
3,Burkina_Faso
2,Burkina_Faso
2,Burkina_Faso
3,Burkina_Faso
2,Burkina_Faso
1,Burkina_Faso
3,Burkina_Faso
1,Burkina_Faso
1,Burkina_Faso
1,Burkina_Faso
1,Burkina_Faso
3,Burkina_Faso
2,Burkina_Faso
3,Burkina_Faso
2,Burkina_Faso
1,Burkina_Faso
2,Burkina_Faso
1,Burkina_Faso
1,Burkina_Faso
2,Burkina_Faso
2,Burkina_Faso
2,Burkina_Faso
1,Burkina_Faso
3,Burkina_Faso
3,Burkina_Faso
1,Burkina_Faso
1,Burkina_Faso
3,Burkina_Faso
4,Burkina_Faso
3,Burkina_Faso
2,Burkina_Faso
1,Burkina_Faso
1,Burkina_Faso
3,Burkina_Faso
1,Burkina_Faso
3,Burkina_Faso
3,Burkina_Faso
2,Burkina_Faso
1,Burkina_Faso
2,Burkina_Faso
3,Burkina_Faso
1,Burkina_Faso
2,Burkina_Faso
1,Burkina_Faso
3,Burkina_Faso
1,Burkina_Faso
2,Burkina_Faso
3,Burkina_Faso
3,Burkina_Faso
1,Burkina_Faso
2,Burkina_Faso
2,Burkina_Faso
3,Burkina_Faso
2,Burkina_Faso
2,Burkina_Faso
2,Burkina_Faso
1,Burkina_Faso
3,Burkina_Faso
3,Burkina_Faso
3,Burkina_Faso
3,Burkina_Faso
4,Burkina_Faso
3,Burkina_Faso
3,Burkina_Faso
1,Burkina_Faso
3,Burkina_Faso
3,Burkina_Faso
3,Burkina_Faso
2,Burkina_Faso
2,Burkina_Faso
2,Burkina_Faso
3,Burkina_Faso
2,Burkina_Faso
2,Burkina_Faso
4,Burkina_Faso
2,Burkina_Faso
2,Burkina_Faso
3,Burkina_Faso
1,Burkina_Faso
2,Burkina_Faso
3,Burkina_Faso
1,Burkina_Faso
3,Burkina_Faso
2,Burkina_Faso
3,Burkina_Faso
3,Burkina_Faso
2,Burkina_Faso
2,Burkina_Faso
3,Burkina_Faso
3,Burkina_Faso
3,Burkina_Faso
2,Burkina_Faso
2,Burkina_Faso
2,Burkina_Faso
3,Burkina_Faso
3,Burkina_Faso
3,Burkina_Faso
3,Burkina_Faso
3,Burkina_Faso
3,Burkina_Faso
3,Burkina_Faso
3,Burkina_Faso
3,Burkina_Faso
3,Burkina_Faso
3,Burkina_Faso
3,Burkina_Faso
2,Burkina_Faso
3,Burkina_Faso
3,Burkina_Faso
2,Burkina_Faso
2,Burkina_Faso
2,Burkina_Faso
3,Burkina_Faso
3,Burkina_Faso
2,Burkina_Faso
2,Burkina_Faso
2,Burkina_Faso
2,Burkina_Faso
2,Burkina_Faso
2,Burkina_Faso
3,Burkina_Faso
3,Burkina_Faso
3,Burkina_Faso
3,Burkina_Faso
3,Burkina_Faso
3,Burkina_Faso
3,Burkina_Faso
3,Burkina_Faso
3,Burkina_Faso
3,Burkina_Faso
1,Burkina_Faso
3,Burkina_Faso
3,Burkina_Faso
3,Burkina_Faso
1,Burkina_Faso
3,Burkina_Faso
3,Burkina_Faso
2,Burkina_Faso
2,Burkina_Faso
3,Burkina_Faso
3,Burkina_Faso
3,Burkina_Faso
3,Burkina_Faso
3,Burkina_Faso
2,Burkina_Faso
3,Burkina_Faso
3,Burkina_Faso
3,Burkina_Faso
3,Burkina_Faso
3,Burkina_Faso
3,Burkina_Faso
3,Burkina_Faso
3,Burkina_Faso
3,Burkina_Faso
1,Burkina_Faso
1,Burkina_Faso
2,Burkina_Faso
3,Burkina_Faso
4,Burkina_Faso
1,Burkina_Faso
1,Burkina_Faso
3,Burkina_Faso
1,Burkina_Faso
2,Burkina_Faso
2,Burkina_Faso
3,Burkina_Faso
1,Burkina_Faso
1,Burkina_Faso
1,Burkina_Faso
2,Burkina_Faso
2,Burkina_Faso
1,Burkina_Faso
1,Burkina_Faso
2,Burkina_Faso
3,Burkina_Faso
1,Burkina_Faso
3,Burkina_Faso
3,Burkina_Faso
1,Burkina_Faso
1,Burkina_Faso
2,Burkina_Faso
2,Burkina_Faso
3,Burkina_Faso
3,Burkina_Faso
1,Burkina_Faso
1,Burkina_Faso
3,Burkina_Faso
4,Burkina_Faso
4,Burkina_Faso
1,Burkina_Faso
2,Burkina_Faso
1,Burkina_Faso
3,Burkina_Faso
3,Burkina_Faso
1,Burkina_Faso
1,Burkina_Faso
1,Burkina_Faso
1,Burkina_Faso
1,Burkina_Faso
1,Burkina_Faso
1,Burkina_Faso
1,Burkina_Faso
4,Burkina_Faso
1,Burkina_Faso
3,Burkina_Faso
3,Burkina_Faso
3,Burkina_Faso
1,Burkina_Faso
1,Burkina_Faso
1,Burkina_Faso
1,Burkina_Faso
1,Burkina_Faso
1,Burkina_Faso
1,Burkina_Faso
1,Burkina_Faso
1,Burkina_Faso
1,Burkina_Faso
1,Burkina_Faso
1,Burkina_Faso
1,Burkina_Faso
4,Burkina_Faso
1,Burkina_Faso
4,Burkina_Faso
4,Burkina_Faso
3,Burkina_Faso
3,Burkina_Faso
2,Burkina_Faso
3,Burkina_Faso
2,Burkina_Faso
2,Burkina_Faso
4,Burkina_Faso
4,Burkina_Faso
3,Burkina_Faso
3,Burkina_Faso
4,Burkina_Faso
1,Burkina_Faso
3,Burkina_Faso
1,Burkina_Faso
3,Burkina_Faso
1,Burkina_Faso
4,Burkina_Faso
3,Burkina_Faso
1,Burkina_Faso
1,Burkina_Faso
2,Burkina_Faso
1,Burkina_Faso
4,Burkina_Faso
3,Burkina_Faso
2,Burkina_Faso
1,Burkina_Faso
3,Burkina_Faso
1,Burkina_Faso
3,Burkina_Faso
3,Burkina_Faso
2,Burkina_Faso
1,Burkina_Faso
3,Burkina_Faso
1,Burkina_Faso
1,Burkina_Faso
1,Burkina_Faso
1,Burkina_Faso
4,Burkina_Faso
3,Burkina_Faso
4,Burkina_Faso
3,Burkina_Faso
1,Burkina_Faso
4,Burkina_Faso
1,Burkina_Faso
2,Burkina_Faso
2,Burkina_Faso
3,Burkina_Faso
2,Burkina_Faso
2,Burkina_Faso
2,Burkina_Faso
2,Burkina_Faso
2,Burkina_Faso
2,Burkina_Faso
2,Burkina_Faso
2,Burkina_Faso
3,Burkina_Faso
3,Burkina_Faso
2,Burkina_Faso
2,Burkina_Faso
2,Burkina_Faso
3,Burkina_Faso
3,Burkina_Faso
2,Burkina_Faso
3,Burkina_Faso
2,Burkina_Faso
2,Burkina_Faso
2,Burkina_Faso
1,Burkina_Faso
2,Burkina_Faso
2,Burkina_Faso
2,Burkina_Faso
2,Burkina_Faso
2,Burkina_Faso
2,Burkina_Faso
2,Burkina_Faso
2,Burkina_Faso
2,Burkina_Faso
2,Burkina_Faso
2,Burkina_Faso
2,Burkina_Faso
2,Burkina_Faso
1,Burkina_Faso
1,Burkina_Faso
3,Burkina_Faso
2,Burkina_Faso
2,Burkina_Faso
1,Burkina_Faso
2,Burkina_Faso
2,Burkina_Faso
1,Burkina_Faso
1,Burkina_Faso
1,Burkina_Faso
1,Burkina_Faso
1,Burkina_Faso
1,Burkina_Faso
2,Burkina_Faso
2,Burkina_Faso
1,Burkina_Faso
3,Burkina_Faso
2,Burkina_Faso
2,Burkina_Faso
2,Burkina_Faso
1,Burkina_Faso
1,Burkina_Faso
1,Burkina_Faso
1,Burkina_Faso
1,Burkina_Faso
1,Burkina_Faso
1,Burkina_Faso
1,Burkina_Faso
2,Burkina_Faso
1,Burkina_Faso
1,Burkina_Faso
2,Burkina_Faso
1,Burkina_Faso
1,Burkina_Faso
2,Burkina_Faso
1,Burkina_Faso
1,Burkina_Faso
1,Burkina_Faso
1,Burkina_Faso
1,Burkina_Faso
1,Burkina_Faso
1,Burkina_Faso
2,Burkina_Faso
1,Burkina_Faso
1,Burkina_Faso
1,Burkina_Faso
1,Burkina_Faso
2,Burkina_Faso
1,Burkina_Faso
1,Burkina_Faso
1,Burkina_Faso
1,Burkina_Faso
1,Burkina_Faso
1,Burkina_Faso
1,Burkina_Faso
1,Burkina_Faso
2,Burkina_Faso
1,Burkina_Faso
1,Burkina_Faso
1,Burkina_Faso
1,Burkina_Faso
1,Burkina_Faso
1,Burkina_Faso
1,Burkina_Faso
2,Burkina_Faso
1,Burkina_Faso
1,Burkina_Faso
2,Burkina_Faso
1,Burkina_Faso
1,Burkina_Faso
2,Burkina_Faso
1,Burkina_Faso
1,Burkina_Faso
2,Burkina_Faso
2,Burkina_Faso
2,Burkina_Faso
2,Burkina_Faso
2,Burkina_Faso
2,Burkina_Faso
2,Burkina_Faso
1,Burkina_Faso
2,Burkina_Faso
1,Burkina_Faso
2,Burkina_Faso
2,Burkina_Faso
2,Burkina_Faso
2,Burkina_Faso
2,Burkina_Faso
3,Burkina_Faso
2,Burkina_Faso
2,Burkina_Faso
1,Burkina_Faso
1,Burkina_Faso
1,Burkina_Faso
1,Burkina_Faso
1,Burkina_Faso
2,Burkina_Faso
2,Burkina_Faso
2,Burkina_Faso
1,Burkina_Faso
1,Burkina_Faso
2,Burkina_Faso
2,Burkina_Faso
2,Burkina_Faso
2,Burkina_Faso
2,Burkina_Faso
2,Burkina_Faso
2,Burkina_Faso
2,Burkina_Faso
2,Burkina_Faso
1,Burkina_Faso
4,Burkina_Faso
1,Burkina_Faso
1,Burkina_Faso
4,Burkina_Faso
1,Burkina_Faso
1,Burkina_Faso
1,Burkina_Faso
2,Burkina_Faso
2,Burkina_Faso
2,Burkina_Faso
3,Burkina_Faso
2,Burkina_Faso
2,Burkina_Faso
2,Burkina_Faso
5,Burkina_Faso
2,Burkina_Faso
2,Burkina_Faso
3,Burkina_Faso
2,Burkina_Faso
2,Burkina_Faso
2,Burkina_Faso
4,Burkina_Faso
2,Burkina_Faso
2,Burkina_Faso
2,Burkina_Faso
2,Burkina_Faso
2,Burkina_Faso
3,Burkina_Faso
2,Burkina_Faso
3,Burkina_Faso
3,Burkina_Faso
3,Burkina_Faso
2,Burkina_Faso
3,Burkina_Faso
3,Burkina_Faso
3,Burkina_Faso
2,Burkina_Faso
3,Burkina_Faso
3,Burkina_Faso
3,Burkina_Faso
3,Burkina_Faso
2,Burkina_Faso
3,Burkina_Faso
3,Burkina_Faso
3,Burkina_Faso
2,Burkina_Faso
3,Burkina_Faso
3,Burkina_Faso
3,Burkina_Faso
2,Burkina_Faso
3,Burkina_Faso
3,Burkina_Faso
3,Burkina_Faso
2,Burkina_Faso
2,Burkina_Faso
3,Burkina_Faso
2,Burkina_Faso
2,Burkina_Faso
2,Burkina_Faso
2,Burkina_Faso
2,Burkina_Faso
1,Burkina_Faso
2,Burkina_Faso
2,Burkina_Faso
2,Burkina_Faso
2,Burkina_Faso
2,Burkina_Faso
2,Burkina_Faso
2,Burkina_Faso
2,Burkina_Faso
3,Burkina_Faso
2,Burkina_Faso
2,Burkina_Faso
2,Burkina_Faso
2,Burkina_Faso
2,Burkina_Faso
2,Burkina_Faso
2,Burkina_Faso
2,Burkina_Faso
2,Burkina_Faso
2,Burkina_Faso
2,Burkina_Faso
2,Burkina_Faso
2,Burkina_Faso
2,Burkina_Faso
3,Burkina_Faso
2,Burkina_Faso
3,Burkina_Faso
2,Burkina_Faso
2,Burkina_Faso
2,Burkina_Faso
2,Burkina_Faso
2,Burkina_Faso
2,Burkina_Faso
3,Burkina_Faso
3,Burkina_Faso
2,Burkina_Faso
2,Burkina_Faso
3,Burkina_Faso
3,Burkina_Faso
2,Burkina_Faso
3,Burkina_Faso
3,Burkina_Faso
2,Burkina_Faso
2,Burkina_Faso
2,Burkina_Faso
2,Burkina_Faso
2,Burkina_Faso
2,Burkina_Faso
2,Burkina_Faso
2,Burkina_Faso
2,Burkina_Faso
1,Burkina_Faso
2,Burkina_Faso
2,Burkina_Faso
2,Burkina_Faso
2,Burkina_Faso
2,Burkina_Faso
2,Burkina_Faso
2,Burkina_Faso
2,Burkina_Faso
2,Burkina_Faso
3,Burkina_Faso
2,Burkina_Faso
2,Burkina_Faso
2,Burkina_Faso
2,Burkina_Faso
2,Burkina_Faso
1,Burkina_Faso
2,Burkina_Faso
1,Burkina_Faso
2,Burkina_Faso
3,Burkina_Faso
3,Burkina_Faso
2,Burkina_Faso
2,Burkina_Faso
1,Burkina_Faso
2,Burkina_Faso
1,Burkina_Faso
2,Burkina_Faso
1,Burkina_Faso
1,Burkina_Faso
1,Burkina_Faso
2,Burkina_Faso
2,Burkina_Faso
2,Burkina_Faso
2,Burkina_Faso
2,Burkina_Faso
3,Burkina_Faso
2,Burkina_Faso
1,Burkina_Faso
1,Burkina_Faso
2,Burkina_Faso
2,Burkina_Faso
2,Burkina_Faso
3,Burkina_Faso
2,Burkina_Faso
2,Burkina_Faso
1,Burkina_Faso
2,Burkina_Faso
2,Burkina_Faso
2,Burkina_Faso
2,Burkina_Faso
2,Burkina_Faso
2,Burkina_Faso
3,Burkina_Faso
1,Burkina_Faso
5,Burkina_Faso
2,Burkina_Faso
2,Burkina_Faso
1,Burkina_Faso
2,Burkina_Faso
2,Burkina_Faso
2,Burkina_Faso
2,Burkina_Faso
2,Burkina_Faso
2,Burkina_Faso
1,Burkina_Faso
2,Burkina_Faso
2,Burkina_Faso
2,Burkina_Faso
2,Burkina_Faso
2,Burkina_Faso
2,Burkina_Faso
2,Burkina_Faso
2,Burkina_Faso
2,Burkina_Faso
1,Burkina_Faso
2,Burkina_Faso
1,Burkina_Faso
1,Burkina_Faso
3,Burkina_Faso
2,Burkina_Faso
2,Burkina_Faso
2,Burkina_Faso
2,Burkina_Faso
1,Burkina_Faso
2,Burkina_Faso
1,Burkina_Faso
2,Burkina_Faso
2,Burkina_Faso
2,Burkina_Faso
5,Burkina_Faso
2,Burkina_Faso
1,Burkina_Faso
2,Burkina_Faso
3,Burkina_Faso
2,Burkina_Faso
2,Burkina_Faso
3,Burkina_Faso
2,Burkina_Faso
2,Burkina_Faso
2,Burkina_Faso
2,Burkina_Faso
2,Burkina_Faso
3,Burkina_Faso
3,Burkina_Faso
3,Burkina_Faso
3,Burkina_Faso
3,Burkina_Faso
3,Burkina_Faso
3,Burkina_Faso
2,Burkina_Faso
2,Burkina_Faso
1,Burkina_Faso
3,Burkina_Faso
2,Burkina_Faso
2,Burkina_Faso
2,Burkina_Faso
2,Burkina_Faso
3,Burkina_Faso
2,Burkina_Faso
3,Burkina_Faso
2,Burkina_Faso
3,Burkina_Faso
2,Burkina_Faso
2,Burkina_Faso
2,Burkina_Faso
2,Burkina_Faso
2,Burkina_Faso
2,Burkina_Faso
2,Burkina_Faso
2,Burkina_Faso
3,Burkina_Faso
3,Burkina_Faso
2,Burkina_Faso
2,Burkina_Faso
2,Burkina_Faso
3,Burkina_Faso
3,Burkina_Faso
2,Burkina_Faso
3,Burkina_Faso
2,Burkina_Faso
2,Burkina_Faso
1,Burkina_Faso
3,Burkina_Faso
3,Burkina_Faso
3,Burkina_Faso
2,Burkina_Faso
3,Burkina_Faso
3,Burkina_Faso
1,Burkina_Faso
2,Burkina_Faso
3,Burkina_Faso
2,Burkina_Faso
4,Burkina_Faso
3,Burkina_Faso
2,Burkina_Faso
3,Burkina_Faso
2,Burkina_Faso
3,Burkina_Faso
1,Burkina_Faso
3,Burkina_Faso
1,Burkina_Faso
3,Burkina_Faso
3,Burkina_Faso
1,Burkina_Faso
1,Burkina_Faso
3,Burkina_Faso
2,Burkina_Faso
2,Burkina_Faso
2,Burkina_Faso
3,Burkina_Faso
2,Burkina_Faso
2,Burkina_Faso
4,Burkina_Faso
2,Burkina_Faso
3,Burkina_Faso
2,Burkina_Faso
2,Burkina_Faso
3,Burkina_Faso
2,Burkina_Faso
2,Burkina_Faso
2,Burkina_Faso
3,Burkina_Faso
4,Burkina_Faso
3,Burkina_Faso
3,Burkina_Faso
3,Burkina_Faso
3,Burkina_Faso
2,Burkina_Faso
2,Burkina_Faso
3,Burkina_Faso
3,Burkina_Faso
3,Burkina_Faso
2,Burkina_Faso
2,Burkina_Faso
1,Burkina_Faso
3,Burkina_Faso
2,Burkina_Faso
2,Burkina_Faso
3,Burkina_Faso
2,Burkina_Faso
3,Burkina_Faso
3,Burkina_Faso
2,Burkina_Faso
3,Burkina_Faso
3,Burkina_Faso
3,Burkina_Faso
2,Burkina_Faso
2,Burkina_Faso
3,Burkina_Faso
3,Burkina_Faso
2,Burkina_Faso
5,Burkina_Faso
2,Burkina_Faso
3,Burkina_Faso
2,Burkina_Faso
3,Burkina_Faso
2,Burkina_Faso
2,Burkina_Faso
2,Burkina_Faso
3,Burkina_Faso
3,Burkina_Faso
3,Burkina_Faso
4,Burkina_Faso
4,Burkina_Faso
4,Burkina_Faso
2,Burkina_Faso
2,Burkina_Faso
2,Burkina_Faso
1,Burkina_Faso
1,Burkina_Faso
1,Burkina_Faso
1,Burkina_Faso
2,Burkina_Faso
2,Burkina_Faso
2,Burkina_Faso
2,Burkina_Faso
2,Burkina_Faso
2,Burkina_Faso
2,Burkina_Faso
2,Burkina_Faso
2,Burkina_Faso
2,Burkina_Faso
2,Burkina_Faso
2,Burkina_Faso
1,Burkina_Faso
2,Burkina_Faso
4,Burkina_Faso
3,Burkina_Faso
3,Burkina_Faso
3,Burkina_Faso
3,Burkina_Faso
1,Burkina_Faso
2,Burkina_Faso
2,Burkina_Faso
3,Burkina_Faso
2,Burkina_Faso
2,Burkina_Faso
2,Burkina_Faso
2,Burkina_Faso
2,Burkina_Faso
1,Burkina_Faso
2,Burkina_Faso
1,Burkina_Faso
2,Burkina_Faso
2,Burkina_Faso
2,Burkina_Faso
2,Burkina_Faso
2,Burkina_Faso
2,Burkina_Faso
3,Burkina_Faso
1,Burkina_Faso
2,Burkina_Faso
3,Burkina_Faso
3,Burkina_Faso
2,Burkina_Faso
1,Burkina_Faso
3,Burkina_Faso
2,Burkina_Faso
2,Burkina_Faso
1,Burkina_Faso
3,Burkina_Faso
1,Burkina_Faso
3,Burkina_Faso
3,Burkina_Faso
3,Burkina_Faso
2,Burkina_Faso
3,Burkina_Faso
3,Burkina_Faso
3,Burkina_Faso
3,Burkina_Faso
2,Burkina_Faso
2,Burkina_Faso
3,Burkina_Faso
3,Burkina_Faso
3,Burkina_Faso
3,Burkina_Faso
3,Burkina_Faso
3,Burkina_Faso
3,Burkina_Faso
2,Burkina_Faso
3,Burkina_Faso
3,Burkina_Faso
3,Burkina_Faso
3,Burkina_Faso
3,Burkina_Faso
3,Burkina_Faso
3,Burkina_Faso
3,Burkina_Faso
2,Burkina_Faso
2,Burkina_Faso
2,Burkina_Faso
3,Burkina_Faso
3,Burkina_Faso
3,Burkina_Faso
2,Burkina_Faso
2,Burkina_Faso
2,Burkina_Faso
3,Burkina_Faso
2,Burkina_Faso
3,Burkina_Faso
3,Burkina_Faso
3,Burkina_Faso
3,Burkina_Faso
3,Burkina_Faso
1,Cameroon
4,Cameroon
2,Cameroon
2,Cameroon
4,Cameroon
1,Cameroon
3,Cameroon
1,Cameroon
2,Cameroon
2,Cameroon
1,Cameroon
3,Cameroon
3,Cameroon
2,Cameroon
2,Cameroon
4,Cameroon
2,Cameroon
2,Cameroon
1,Cameroon
3,Cameroon
2,Cameroon
2,Cameroon
1,Cameroon
4,Cameroon
1,Cameroon
2,Cameroon
1,Cameroon
3,Cameroon
1,Cameroon
2,Cameroon
2,Cameroon
2,Cameroon
3,Cameroon
1,Cameroon
1,Cameroon
1,Cameroon
1,Cameroon
2,Cameroon
3,Cameroon
3,Cameroon
2,Cameroon
1,Cameroon
2,Cameroon
2,Cameroon
1,Cameroon
3,Cameroon
2,Cameroon
2,Cameroon
2,Cameroon
3,Cameroon
2,Cameroon
1,Cameroon
4,Cameroon
3,Cameroon
3,Cameroon
2,Cameroon
1,Cameroon
4,Cameroon
3,Cameroon
2,Cameroon
2,Cameroon
2,Cameroon
2,Cameroon
1,Cameroon
2,Cameroon
5,Cameroon
5,Cameroon
1,Cameroon
1,Cameroon
1,Cameroon
3,Cameroon
2,Cameroon
3,Cameroon
1,Cameroon
2,Cameroon
3,Cameroon
3,Cameroon
1,Cameroon
4,Cameroon
3,Cameroon
4,Cameroon
2,Cameroon
4,Cameroon
2,Cameroon
2,Cameroon
2,Cameroon
1,Cameroon
5,Cameroon
4,Cameroon
4,Cameroon
2,Cameroon
2,Cameroon
2,Cameroon
1,Cameroon
1,Cameroon
1,Cameroon
2,Cameroon
1,Cameroon
1,Cameroon
1,Cameroon
1,Cameroon
1,Cameroon
1,Cameroon
1,Cameroon
1,Cameroon
1,Cameroon
1,Cameroon
3,Cameroon
1,Cameroon
2,Cameroon
1,Cameroon
1,Cameroon
3,Cameroon
4,Cameroon
2,Cameroon
2,Cameroon
2,Cameroon
2,Cameroon
2,Cameroon
2,Cameroon
2,Cameroon
2,Cameroon
2,Cameroon
4,Cameroon
2,Cameroon
2,Cameroon
3,Cameroon
2,Cameroon
3,Cameroon
3,Cameroon
2,Cameroon
3,Cameroon
2,Cameroon
1,Cameroon
1,Cameroon
4,Cameroon
1,Cameroon
2,Cameroon
1,Cameroon
1,Cameroon
1,Cameroon
2,Cameroon
3,Cameroon
2,Cameroon
5,Cameroon
1,Cameroon
3,Cameroon
2,Cameroon
2,Cameroon
2,Cameroon
2,Cameroon
4,Cameroon
3,Cameroon
1,Cameroon
1,Cameroon
2,Cameroon
2,Cameroon
5,Cameroon
1,Cameroon
1,Cameroon
1,Cameroon
1,Cameroon
2,Cameroon
4,Cameroon
2,Cameroon
2,Cameroon
2,Cameroon
5,Cameroon
2,Cameroon
2,Cameroon
5,Cameroon
2,Cameroon
5,Cameroon
2,Cameroon
4,Cameroon
2,Cameroon
2,Cameroon
2,Cameroon
4,Cameroon
2,Cameroon
2,Cameroon
4,Cameroon
1,Cameroon
5,Cameroon
3,Cameroon
2,Cameroon
4,Cameroon
4,Cameroon
2,Cameroon
2,Cameroon
3,Cameroon
1,Cameroon
3,Cameroon
2,Cameroon
1,Cameroon
4,Cameroon
5,Cameroon
1,Cameroon
2,Cameroon
2,Cameroon
2,Cameroon
2,Cameroon
3,Cameroon
1,Cameroon
3,Cameroon
4,Cameroon
4,Cameroon
1,Cameroon
5,Cameroon
4,Cameroon
2,Cameroon
2,Cameroon
2,Cameroon
2,Cameroon
1,Cameroon
2,Cameroon
3,Cameroon
5,Cameroon
5,Cameroon
2,Cameroon
1,Cameroon
1,Cameroon
2,Cameroon
2,Cameroon
3,Cameroon
2,Cameroon
5,Cameroon
5,Cameroon
1,Cameroon
5,Cameroon
2,Cameroon
2,Cameroon
2,Cameroon
2,Cameroon
3,Cameroon
2,Cameroon
2,Cameroon
2,Cameroon
1,Cameroon
2,Cameroon
2,Cameroon
2,Cameroon
2,Cameroon
1,Cameroon
3,Cameroon
2,Cameroon
2,Cameroon
5,Cameroon
1,Cameroon
1,Cameroon
1,Cameroon
1,Cameroon
2,Cameroon
4,Cameroon
1,Cameroon
2,Cameroon
2,Cameroon
2,Cameroon
3,Cameroon
5,Cameroon
2,Cameroon
2,Cameroon
1,Cameroon
3,Cameroon
2,Cameroon
2,Cameroon
5,Cameroon
2,Cameroon
3,Cameroon
3,Cameroon
2,Cameroon
3,Cameroon
1,Cameroon
1,Cameroon
2,Cameroon
1,Cameroon
2,Cameroon
2,Cameroon
1,Cameroon
2,Cameroon
1,Cameroon
2,Cameroon
4,Cameroon
2,Cameroon
1,Cameroon
5,Cameroon
2,Cameroon
1,Cameroon
2,Cameroon
2,Cameroon
2,Cameroon
2,Cameroon
3,Cameroon
1,Cameroon
2,Cameroon
4,Cameroon
2,Cameroon
2,Cameroon
2,Cameroon
1,Cameroon
1,Cameroon
1,Cameroon
1,Cameroon
1,Cameroon
1,Cameroon
1,Cameroon
1,Cameroon
1,Cameroon
2,Cameroon
1,Cameroon
2,Cameroon
5,Cameroon
1,Cameroon
1,Cameroon
3,Cameroon
1,Cameroon
1,Cameroon
1,Cameroon
1,Cameroon
1,Cameroon
3,Cameroon
1,Cameroon
2,Cameroon
2,Cameroon
1,Cameroon
3,Cameroon
2,Cameroon
2,Cameroon
2,Cameroon
1,Cameroon
4,Cameroon
2,Cameroon
5,Cameroon
5,Cameroon
1,Cameroon
2,Cameroon
3,Cameroon
2,Cameroon
2,Cameroon
2,Cameroon
2,Cameroon
2,Cameroon
2,Cameroon
2,Cameroon
2,Cameroon
3,Cameroon
4,Cameroon
3,Cameroon
1,Cameroon
3,Cameroon
2,Cameroon
2,Cameroon
2,Cameroon
4,Cameroon
3,Cameroon
3,Cameroon
2,Cameroon
2,Cameroon
2,Cameroon
3,Cameroon
2,Cameroon
2,Cameroon
2,Cameroon
2,Cameroon
2,Cameroon
2,Cameroon
3,Cameroon
2,Cameroon
1,Cameroon
2,Cameroon
1,Cameroon
1,Cameroon
1,Cameroon
1,Cameroon
1,Cameroon
1,Cameroon
1,Cameroon
1,Cameroon
1,Cameroon
1,Cameroon
4,Cameroon
2,Cameroon
2,Cameroon
1,Cameroon
1,Cameroon
5,Cameroon
4,Cameroon
1,Cameroon
4,Cameroon
1,Cameroon
3,Cameroon
3,Cameroon
2,Cameroon
4,Cameroon
1,Cameroon
3,Cameroon
1,Cameroon
2,Cameroon
5,Cameroon
5,Cameroon
2,Cameroon
5,Cameroon
5,Cameroon
2,Cameroon
1,Cameroon
4,Cameroon
3,Cameroon
5,Cameroon
2,Cameroon
5,Cameroon
2,Cameroon
3,Cameroon
2,Cameroon
3,Cameroon
3,Cameroon
2,Cameroon
5,Cameroon
2,Cameroon
3,Cameroon
2,Cameroon
3,Cameroon
3,Cameroon
2,Cameroon
4,Cameroon
4,Cameroon
2,Cameroon
1,Cameroon
3,Cameroon
2,Cameroon
2,Cameroon
1,Cameroon
2,Cameroon
5,Cameroon
1,Cameroon
2,Cameroon
4,Cameroon
1,Cameroon
1,Cameroon
1,Cameroon
4,Cameroon
1,Cameroon
1,Cameroon
2,Cameroon
2,Cameroon
3,Cameroon
4,Cameroon
1,Cameroon
2,Cameroon
1,Cameroon
4,Cameroon
1,Cameroon
5,Cameroon
2,Cameroon
2,Cameroon
3,Cameroon
2,Cameroon
2,Cameroon
2,Cameroon
2,Cameroon
2,Cameroon
5,Cameroon
2,Cameroon
2,Cameroon
2,Cameroon
3,Cameroon
2,Cameroon
2,Cameroon
2,Cameroon
3,Cameroon
1,Cameroon
1,Cameroon
1,Cameroon
1,Cameroon
2,Cameroon
1,Cameroon
2,Cameroon
2,Cameroon
2,Cameroon
1,Cameroon
4,Cameroon
4,Cameroon
2,Cameroon
4,Cameroon
4,Cameroon
5,Cameroon
2,Cameroon
1,Cameroon
1,Cameroon
4,Cameroon
2,Cameroon
2,Cameroon
2,Cameroon
2,Cameroon
2,Cameroon
2,Cameroon
2,Cameroon
2,Cameroon
2,Cameroon
3,Cameroon
3,Cameroon
3,Cameroon
1,Cameroon
1,Cameroon
2,Cameroon
1,Cameroon
3,Cameroon
2,Cameroon
2,Cameroon
1,Cameroon
3,Cameroon
1,Cameroon
5,Cameroon
3,Cameroon
1,Cameroon
3,Cameroon
3,Cameroon
2,Cameroon
1,Cameroon
3,Cameroon
1,Cameroon
5,Cameroon
1,Cameroon
1,Cameroon
1,Cameroon
1,Cameroon
3,Cameroon
4,Cameroon
2,Cameroon
4,Cameroon
3,Cameroon
2,Cameroon
3,Cameroon
1,Cameroon
2,Cameroon
1,Cameroon
4,Cameroon
2,Cameroon
2,Cameroon
3,Cameroon
2,Cameroon
2,Cameroon
1,Cameroon
1,Cameroon
2,Cameroon
2,Cameroon
2,Cameroon
1,Cameroon
2,Cameroon
2,Cameroon
1,Cameroon
2,Cameroon
3,Cameroon
2,Cameroon
1,Cameroon
2,Cameroon
2,Cameroon
2,Cameroon
2,Cameroon
1,Cameroon
3,Cameroon
2,Cameroon
1,Cameroon
2,Cameroon
1,Cameroon
3,Cameroon
2,Cameroon
4,Cameroon
4,Cameroon
2,Cameroon
1,Cameroon
1,Cameroon
3,Cameroon
3,Cameroon
3,Cameroon
3,Cameroon
3,Cameroon
4,Cameroon
4,Cameroon
1,Cameroon
2,Cameroon
4,Cameroon
4,Cameroon
2,Cameroon
3,Cameroon
5,Cameroon
3,Cameroon
1,Cameroon
2,Cameroon
2,Cameroon
2,Cameroon
2,Cameroon
1,Cameroon
1,Cameroon
1,Cameroon
1,Cameroon
1,Cameroon
2,Cameroon
1,Cameroon
2,Cameroon
2,Cameroon
1,Cameroon
2,Cameroon
1,Cameroon
1,Cameroon
1,Cameroon
2,Cameroon
4,Cameroon
1,Cameroon
1,Cameroon
2,Cameroon
3,Cameroon
3,Cameroon
1,Cameroon
3,Cameroon
1,Cameroon
1,Cameroon
1,Cameroon
3,Cameroon
1,Cameroon
1,Cameroon
1,Cameroon
2,Cameroon
1,Cameroon
1,Cameroon
3,Cameroon
2,Cameroon
2,Cameroon
3,Cameroon
1,Cameroon
1,Cameroon
1,Cameroon
1,Cameroon
1,Cameroon
1,Cameroon
1,Cameroon
2,Cameroon
1,Cameroon
2,Cameroon
2,Cameroon
4,Cameroon
2,Cameroon
2,Cameroon
3,Cameroon
2,Cameroon
3,Cameroon
4,Cameroon
5,Cameroon
2,Cameroon
1,Cameroon
3,Cameroon
3,Cameroon
2,Cameroon
1,Cameroon
2,Cameroon
2,Cameroon
1,Cameroon
3,Cameroon
2,Cameroon
2,Cameroon
2,Cameroon
1,Cameroon
4,Cameroon
3,Cameroon
2,Cameroon
4,Cameroon
1,Cameroon
1,Cameroon
2,Cameroon
2,Cameroon
2,Cameroon
2,Cameroon
2,Cameroon
2,Cameroon
2,Cameroon
1,Cameroon
3,Cameroon
4,Cameroon
1,Cameroon
1,Cameroon
1,Cameroon
1,Cameroon
2,Cameroon
1,Cameroon
1,Cameroon
2,Cameroon
1,Cameroon
2,Cameroon
1,Cameroon
1,Cameroon
1,Cameroon
1,Cameroon
5,Cameroon
1,Cameroon
5,Cameroon
1,Cameroon
1,Cameroon
1,Cameroon
1,Cameroon
1,Cameroon
2,Cameroon
1,Cameroon
3,Cameroon
4,Cameroon
1,Cameroon
4,Cameroon
1,Cameroon
5,Cameroon
1,Cameroon
3,Cameroon
2,Cameroon
1,Cameroon
1,Cameroon
3,Cameroon
1,Cameroon
1,Cameroon
5,Cameroon
3,Cameroon
1,Cameroon
3,Cameroon
1,Cameroon
1,Cameroon
3,Cameroon
2,Cameroon
2,Cameroon
1,Cameroon
2,Cameroon
2,Cameroon
2,Cameroon
3,Cameroon
2,Cameroon
2,Cameroon
2,Cameroon
2,Cameroon
2,Cameroon
2,Cameroon
1,Cameroon
1,Cameroon
1,Cameroon
1,Cameroon
1,Cameroon
1,Cameroon
3,Cameroon
1,Cameroon
1,Cameroon
1,Cameroon
1,Cameroon
1,Cameroon
1,Cameroon
1,Cameroon
2,Cameroon
4,Cameroon
4,Cameroon
4,Cameroon
2,Cameroon
3,Cameroon
4,Cameroon
3,Cameroon
1,Cameroon
1,Cameroon
2,Cameroon
1,Cameroon
1,Cameroon
2,Cameroon
2,Cameroon
2,Cameroon
2,Cameroon
2,Cameroon
2,Cameroon
2,Cameroon
2,Cameroon
3,Cameroon
2,Cameroon
1,Cameroon
2,Cameroon
2,Cameroon
4,Cameroon
2,Cameroon
2,Cameroon
5,Cameroon
4,Cameroon
1,Cameroon
1,Cameroon
1,Cameroon
1,Cameroon
4,Cameroon
1,Cameroon
4,Cameroon
2,Cameroon
2,Cameroon
2,Cameroon
4,Cameroon
2,Cameroon
1,Cameroon
1,Cameroon
1,Cameroon
5,Cameroon
2,Cameroon
2,Cameroon
2,Cameroon
5,Cameroon
2,Cameroon
1,Cameroon
5,Cameroon
2,Cameroon
1,Cameroon
1,Cameroon
2,Cameroon
2,Cameroon
1,Cameroon
2,Cameroon
1,Cameroon
2,Cameroon
2,Cameroon
1,Cameroon
1,Cameroon
2,Cameroon
3,Cameroon
2,Cameroon
1,Cameroon
5,Cameroon
2,Cameroon
3,Cameroon
3,Cameroon
2,Cameroon
1,Cameroon
3,Cameroon
1,Cameroon
1,Cameroon
1,Cameroon
1,Cameroon
1,Cameroon
1,Cameroon
1,Cameroon
1,Cameroon
1,Cameroon
1,Cameroon
3,Cameroon
1,Cameroon
1,Cameroon
1,Cameroon
1,Cameroon
3,Cameroon
1,Cameroon
2,Cameroon
1,Cameroon
2,Cameroon
2,Cameroon
3,Cameroon
1,Cameroon
1,Cameroon
2,Cameroon
3,Cameroon
1,Cameroon
2,Cameroon
1,Cameroon
1,Cameroon
2,Cameroon
1,Cameroon
1,Cameroon
1,Cameroon
1,Cameroon
1,Cameroon
1,Cameroon
5,Cameroon
1,Cameroon
3,Cameroon
3,Cameroon
3,Cameroon
2,Cameroon
2,Cameroon
2,Cameroon
3,Cameroon
2,Cameroon
5,Cameroon
5,Cameroon
3,Cameroon
1,Cameroon
2,Cameroon
3,Cameroon
3,Cameroon
3,Cameroon
1,Cameroon
1,Cameroon
1,Cameroon
3,Cameroon
4,Cameroon
2,Cameroon
4,Cameroon
1,Cameroon
3,Cameroon
2,Cameroon
1,Cameroon
3,Cameroon
2,Cameroon
1,Cameroon
3,Cameroon
3,Cameroon
3,Cameroon
3,Cameroon
5,Cameroon
3,Cameroon
2,Cameroon
3,Cameroon
3,Cameroon
1,Cameroon
1,Cameroon
1,Cameroon
1,Cameroon
1,Cameroon
4,Cameroon
4,Cameroon
3,Cameroon
4,Cameroon
1,Cameroon
1,Cameroon
1,Cameroon
2,Cameroon
2,Cameroon
1,Cameroon
1,Cameroon
1,Cameroon
2,Cameroon
1,Cameroon
1,Cameroon
1,Cameroon
2,Cameroon
1,Cameroon
2,Cameroon
2,Cameroon
3,Cameroon
4,Cameroon
1,Cameroon
2,Cameroon
1,Cameroon
2,Cameroon
2,Cameroon
5,Cameroon
5,Cameroon
5,Cameroon
5,Cameroon
1,Cameroon
1,Cameroon
1,Cameroon
3,Cameroon
1,Cameroon
2,Cameroon
2,Cameroon
2,Cameroon
2,Cameroon
2,Cameroon
2,Cameroon
4,Cameroon
4,Cameroon
4,Cameroon
4,Cameroon
4,Cameroon
5,Cameroon
4,Cameroon
1,Cameroon
2,Cameroon
1,Cameroon
5,Cameroon
5,Cameroon
5,Cameroon
4,Cameroon
2,Cameroon
4,Cameroon
2,Cameroon
4,Cameroon
1,Cameroon
1,Cameroon
1,Cameroon
1,Cameroon
1,Cameroon
1,Cameroon
1,Cameroon
1,Cameroon
3,Cameroon
1,Cameroon
1,Cameroon
3,Cameroon
1,Cameroon
1,Cameroon
1,Cameroon
4,Cameroon
4,Cameroon
4,Cameroon
5,Cameroon
5,Cameroon
3,Cameroon
3,Cameroon
4,Cameroon
4,Cameroon
5,Cameroon
1,Cameroon
1,Cameroon
1,Cameroon
3,Cameroon
2,Cameroon
4,Cameroon
2,Cameroon
2,Cameroon
2,Cameroon
4,Cameroon
2,Cameroon
2,Cameroon
2,Cameroon
1,Cameroon
1,Cameroon
1,Cameroon
1,Cameroon
1,Cameroon
2,Cameroon
1,Cameroon
1,Cameroon
2,Cameroon
3,Cameroon
2,Cameroon
2,Cameroon
3,Cameroon
2,Cameroon
2,Cameroon
2,Cameroon
1,Cameroon
2,Cameroon
4,Cameroon
1,Cameroon
4,Cameroon
4,Cameroon
4,Cameroon
3,Cameroon
3,Cameroon
4,Cameroon
3,Cameroon
3,Cameroon
4,Cameroon
1,Cameroon
1,Cameroon
4,Cameroon
4,Cameroon
1,Cameroon
1,Cameroon
4,Cameroon
3,Cameroon
1,Cameroon
2,Cameroon
3,Cameroon
1,Cameroon
1,Cameroon
1,Cameroon
3,Cameroon
1,Cameroon
1,Cameroon
1,Cameroon
1,Cameroon
3,Cameroon
1,Cameroon
2,Cameroon
2,Cameroon
3,Cameroon
5,Cameroon
4,Cameroon
3,Cameroon
2,Cameroon
3,Cameroon
5,Cameroon
5,Cameroon
3,Cameroon
1,Cameroon
2,Cameroon
3,Cameroon
3,Cameroon
5,Cameroon
1,Cameroon
2,Cameroon
1,Cameroon
4,Cameroon
1,Cameroon
4,Cameroon
2,Cameroon
2,Cameroon
1,Cameroon
1,Cameroon
1,Cameroon
3,Cameroon
4,Cameroon
5,Cameroon
1,Cameroon
3,Cameroon
4,Cameroon
2,Cameroon
3,Cameroon
5,Cameroon
3,Cameroon
4,Cameroon
3,Cameroon
4,Cameroon
5,Cameroon
4,Cameroon
6,Cameroon
5,Cameroon
2,Cameroon
1,Cameroon
1,Cameroon
2,Cameroon
3,Cameroon
2,Cameroon
3,Cameroon
1,Cameroon
2,Cameroon
2,Cameroon
2,Cameroon
2,Cameroon
2,Cameroon
3,Cameroon
2,Cameroon
2,Cameroon
2,Cameroon
2,Cameroon
3,Cameroon
2,Cameroon
2,Cameroon
1,Cameroon
2,Cameroon
2,Cameroon
2,Cameroon
4,Cameroon
3,Cameroon
1,Cameroon
4,Cameroon
2,Cameroon
2,Cameroon
2,Cameroon
3,Cameroon
3,Cameroon
2,Cameroon
1,Cameroon
3,Cameroon
2,Cameroon
1,Cameroon
1,Cameroon
1,Cameroon
1,Cameroon
2,Cameroon
3,Cameroon
5,Cameroon
3,Cameroon
1,Cameroon
1,Cameroon
3,Cameroon
2,Cameroon
2,Cameroon
2,Cameroon
2,Cameroon
2,Cameroon
1,Cameroon
5,Cameroon
3,Cameroon
2,Cameroon
2,Cameroon
3,Cameroon
4,Cameroon
2,Cameroon
2,Cameroon
3,Cameroon
3,Cameroon
3,Cameroon
1,Cameroon
2,Cameroon
1,Cameroon
1,Cameroon
1,Cameroon
2,Cameroon
2,Cameroon
2,Cameroon
1,Cameroon
3,Cameroon
1,Cameroon
1,Cameroon
1,Cameroon
1,Cameroon
1,Cameroon
1,Cameroon
1,Cameroon
2,Cameroon
1,Cameroon
2,Cameroon
2,Cameroon
4,Cameroon
4,Cameroon
3,Cameroon
5,Cameroon
3,Cameroon
2,Cameroon
5,Cameroon
2,Cameroon
4,Cameroon
4,Cameroon
3,Cameroon
3,Cameroon
2,Cameroon
2,Cameroon
1,Cameroon
2,Cameroon
2,Cameroon
1,Cameroon
1,Cameroon
1,Cameroon
1,Cameroon
1,Cameroon
2,Cameroon
2,Cameroon
5,Cameroon
5,Cameroon
1,Cameroon
3,Cameroon
3,Cameroon
2,Cameroon
2,Cameroon
3,Cameroon
2,Cameroon
1,Cameroon
1,Cameroon
1,Cameroon
1,Cameroon
4,Cameroon
2,Cameroon
1,Cameroon
5,Cameroon
5,Cameroon
3,Cameroon
5,Cameroon
4,Cameroon
1,Cameroon
2,Cameroon
4,Cameroon
1,Cameroon
4,Cameroon
3,Cameroon
3,Cameroon
2,Cameroon
4,Cameroon
5,Cameroon
2,Cameroon
2,Cameroon
3,Cameroon
2,Cameroon
2,Cameroon
2,Cameroon
2,Cameroon
4,Cameroon
3,Cameroon
2,Cameroon
2,Cameroon
5,Cameroon
4,Cameroon
2,Cameroon
3,Cameroon
2,Cameroon
2,Cameroon
4,Cameroon
2,Cameroon
2,Cameroon
3,Cameroon
1,Cameroon
1,Cameroon
1,Cameroon
1,Cameroon
3,Cameroon
1,Cameroon
1,Cameroon
1,Cameroon
4,Cameroon
1,Cameroon
2,Cameroon
4,Cameroon
1,Cameroon
1,Cameroon
4,Cameroon
5,Cameroon
3,Cameroon
3,Cameroon
4,Cameroon
4,Cameroon
4,Cameroon
2,Cameroon
3,Cameroon
4,Cameroon
3,Cameroon
5,Cameroon
4,Cameroon
1,Cameroon
3,Cameroon
1,Cameroon
1,Cameroon
2,Cameroon
5,Cameroon
3,Cameroon
2,Cameroon
1,Cameroon
1,Cameroon
2,Cameroon
2,Cameroon
1,Cameroon
1,Cameroon
2,Cameroon
1,Cameroon
2,Cameroon
2,Cameroon
1,Cameroon
1,Cameroon
2,Cameroon
4,Cameroon
2,Cameroon
2,Cameroon
3,Cameroon
5,Cameroon
1,Cameroon
2,Cameroon
2,Cameroon
4,Cameroon
2,Cameroon
1,Cameroon
1,Cameroon
2,Cameroon
1,Cameroon
1,Cameroon
1,Cameroon
1,Cameroon
1,Cameroon
1,Cameroon
1,Cameroon
1,Cameroon
1,Cameroon
2,Cameroon
1,Cameroon
2,Cameroon
2,Cameroon
1,Cameroon
1,Cameroon
3,Cameroon
3,Cameroon
2,Cameroon
1,Cameroon
3,Cameroon
6,Cameroon
2,Cameroon
4,Cameroon
2,Cameroon
1,Cameroon
1,Cameroon
1,Cameroon
3,Cameroon
1,Cameroon
2,Cameroon
2,Cameroon
4,Cameroon
1,Cameroon
2,Cameroon
2,Cameroon
2,Cameroon
3,Cameroon
3,Cameroon
2,Cameroon
2,Cameroon
2,Cameroon
2,Cameroon
2,Cameroon
2,Cameroon
2,Cameroon
2,Cameroon
3,Cameroon
2,Cameroon
3,Cameroon
3,Cameroon
1,Cameroon
1,Cameroon
2,Cameroon
2,Cameroon
1,Cameroon
3,Cameroon
2,Cameroon
3,Cameroon
4,Cameroon
2,Cameroon
2,Cameroon
4,Cameroon
4,Cameroon
3,Cameroon
4,Cameroon
4,Cameroon
4,Cameroon
4,Cameroon
1,Cameroon
1,Cameroon
5,Cameroon
3,Cameroon
2,Cameroon
1,Cameroon
1,Cameroon
4,Cameroon
1,Cameroon
2,Cameroon
2,Cameroon
1,Cameroon
2,Cameroon
3,Cameroon
2,Cameroon
2,Cameroon
2,Cameroon
2,Cameroon
3,Cameroon
2,Cameroon
2,Cameroon
2,Cameroon
2,Cameroon
3,Cameroon
2,Cameroon
2,Cameroon
2,Cameroon
2,Cameroon
2,Cameroon
2,Cameroon
2,Cameroon
1,Cameroon
3,Cameroon
1,Cameroon
3,Cameroon
3,Cameroon
2,Cameroon
1,Cameroon
3,Cameroon
2,Cameroon
2,Cameroon
2,Cameroon
2,Cameroon
2,Cameroon
2,Cameroon
2,Cameroon
2,Cameroon
2,Cameroon
1,Cameroon
1,Cameroon
1,Cameroon
1,Cameroon
3,Cameroon
1,Cameroon
2,Cameroon
2,Cameroon
1,Cameroon
5,Cameroon
2,Cameroon
3,Cameroon
3,Cameroon
3,Cameroon
2,Cameroon
2,Cameroon
2,Cameroon
2,Cameroon
1,Cameroon
3,Cameroon
3,Cameroon
1,Cameroon
1,Cameroon
1,Cameroon
2,Cameroon
5,Cameroon
3,Cameroon
2,Cameroon
2,Cameroon
1,Cameroon
2,Cameroon
1,Cameroon
1,Cameroon
1,Cameroon
5,Cameroon
2,Cameroon
2,Cameroon
1,Cameroon
3,Cameroon
1,Cameroon
4,Cameroon
4,Cameroon
1,Cameroon
3,Cameroon
1,Cameroon
3,Cameroon
1,Cameroon
2,Cameroon
1,Cameroon
2,Cameroon
2,Cameroon
3,Cameroon
3,Cameroon
4,Cameroon
1,Costa_Rica
1,Costa_Rica
2,Costa_Rica
2,Costa_Rica
2,Costa_Rica
3,Costa_Rica
3,Costa_Rica
4,Costa_Rica
5,Costa_Rica
4,Costa_Rica
2,Costa_Rica
1,Costa_Rica
3,Costa_Rica
1,Costa_Rica
1,Costa_Rica
3,Costa_Rica
1,Costa_Rica
2,Costa_Rica
2,Costa_Rica
2,Costa_Rica
2,Costa_Rica
1,Costa_Rica
2,Costa_Rica
2,Costa_Rica
2,Costa_Rica
2,Costa_Rica
1,Costa_Rica
2,Costa_Rica
3,Costa_Rica
1,Costa_Rica
2,Costa_Rica
3,Costa_Rica
1,Costa_Rica
1,Costa_Rica
3,Costa_Rica
4,Costa_Rica
1,Costa_Rica
1,Costa_Rica
1,Costa_Rica
2,Costa_Rica
2,Costa_Rica
2,Costa_Rica
4,Costa_Rica
3,Costa_Rica
2,Costa_Rica
2,Costa_Rica
2,Costa_Rica
3,Costa_Rica
3,Costa_Rica
4,Costa_Rica
3,Costa_Rica
1,Costa_Rica
4,Costa_Rica
3,Costa_Rica
4,Costa_Rica
2,Costa_Rica
4,Costa_Rica
3,Costa_Rica
1,Costa_Rica
1,Costa_Rica
2,Costa_Rica
2,Costa_Rica
2,Costa_Rica
4,Costa_Rica
2,Costa_Rica
2,Costa_Rica
2,Costa_Rica
1,Costa_Rica
1,Costa_Rica
1,Costa_Rica
1,Costa_Rica
1,Costa_Rica
1,Costa_Rica
1,Costa_Rica
1,Costa_Rica
1,Costa_Rica
2,Costa_Rica
1,Costa_Rica
1,Costa_Rica
1,Costa_Rica
1,Costa_Rica
1,Costa_Rica
2,Costa_Rica
3,Costa_Rica
2,Costa_Rica
1,Costa_Rica
5,Costa_Rica
3,Costa_Rica
4,Costa_Rica
4,Costa_Rica
3,Costa_Rica
2,Costa_Rica
3,Costa_Rica
3,Costa_Rica
3,Costa_Rica
2,Costa_Rica
3,Costa_Rica
4,Costa_Rica
1,Costa_Rica
3,Costa_Rica
2,Costa_Rica
2,Costa_Rica
2,Costa_Rica
4,Costa_Rica
4,Costa_Rica
2,Costa_Rica
4,Costa_Rica
1,Costa_Rica
4,Costa_Rica
2,Costa_Rica
1,Costa_Rica
1,Costa_Rica
1,Costa_Rica
4,Costa_Rica
1,Costa_Rica
1,Costa_Rica
1,Costa_Rica
1,Costa_Rica
4,Costa_Rica
3,Costa_Rica
2,Costa_Rica
1,Costa_Rica
1,Costa_Rica
1,Costa_Rica
2,Costa_Rica
1,Costa_Rica
5,Costa_Rica
2,Costa_Rica
2,Costa_Rica
1,Costa_Rica
1,Costa_Rica
3,Costa_Rica
1,Costa_Rica
1,Costa_Rica
2,Costa_Rica
4,Costa_Rica
4,Costa_Rica
2,Costa_Rica
2,Costa_Rica
4,Costa_Rica
4,Costa_Rica
1,Costa_Rica
4,Costa_Rica
2,Costa_Rica
2,Costa_Rica
3,Costa_Rica
4,Costa_Rica
2,Costa_Rica
2,Costa_Rica
4,Costa_Rica
3,Costa_Rica
2,Costa_Rica
1,Costa_Rica
2,Costa_Rica
3,Costa_Rica
4,Costa_Rica
2,Costa_Rica
1,Costa_Rica
1,Costa_Rica
1,Costa_Rica
1,Costa_Rica
4,Costa_Rica
1,Costa_Rica
1,Costa_Rica
3,Costa_Rica
1,Costa_Rica
2,Costa_Rica
3,Costa_Rica
2,Costa_Rica
2,Costa_Rica
3,Costa_Rica
2,Costa_Rica
1,Costa_Rica
1,Costa_Rica
1,Costa_Rica
1,Costa_Rica
1,Costa_Rica
2,Costa_Rica
2,Costa_Rica
1,Costa_Rica
1,Costa_Rica
3,Costa_Rica
1,Costa_Rica
4,Costa_Rica
1,Costa_Rica
2,Costa_Rica
1,Costa_Rica
1,Costa_Rica
4,Costa_Rica
3,Costa_Rica
1,Costa_Rica
2,Costa_Rica
1,Costa_Rica
4,Costa_Rica
3,Costa_Rica
1,Costa_Rica
4,Costa_Rica
2,Costa_Rica
1,Costa_Rica
2,Costa_Rica
1,Costa_Rica
3,Costa_Rica
3,Costa_Rica
2,Costa_Rica
3,Costa_Rica
3,Costa_Rica
1,Costa_Rica
1,Costa_Rica
3,Costa_Rica
3,Costa_Rica
4,Costa_Rica
1,Costa_Rica
1,Costa_Rica
1,Costa_Rica
2,Costa_Rica
4,Costa_Rica
1,Costa_Rica
1,Costa_Rica
2,Costa_Rica
2,Costa_Rica
2,Costa_Rica
1,Costa_Rica
1,Costa_Rica
1,Costa_Rica
1,Costa_Rica
4,Costa_Rica
2,Costa_Rica
4,Costa_Rica
1,Costa_Rica
3,Costa_Rica
3,Costa_Rica
3,Costa_Rica
1,Costa_Rica
4,Costa_Rica
1,Costa_Rica
1,Costa_Rica
2,Costa_Rica
4,Costa_Rica
4,Costa_Rica
2,Costa_Rica
2,Costa_Rica
1,Costa_Rica
3,Costa_Rica
4,Costa_Rica
3,Costa_Rica
3,Costa_Rica
2,Costa_Rica
3,Costa_Rica
2,Costa_Rica
5,Costa_Rica
3,Costa_Rica
2,Costa_Rica
1,Costa_Rica
1,Costa_Rica
2,Costa_Rica
1,Costa_Rica
3,Costa_Rica
3,Costa_Rica
1,Costa_Rica
3,Costa_Rica
3,Costa_Rica
2,Costa_Rica
3,Costa_Rica
5,Costa_Rica
3,Costa_Rica
1,Costa_Rica
1,Costa_Rica
5,Costa_Rica
2,Costa_Rica
1,Costa_Rica
4,Costa_Rica
1,Costa_Rica
1,Costa_Rica
1,Costa_Rica
1,Costa_Rica
1,Costa_Rica
1,Costa_Rica
4,Costa_Rica
2,Costa_Rica
2,Costa_Rica
2,Costa_Rica
2,Costa_Rica
2,Costa_Rica
4,Costa_Rica
2,Costa_Rica
4,Costa_Rica
4,Costa_Rica
3,Costa_Rica
4,Costa_Rica
1,Costa_Rica
2,Costa_Rica
4,Costa_Rica
2,Costa_Rica
2,Costa_Rica
1,Costa_Rica
3,Costa_Rica
1,Costa_Rica
1,Costa_Rica
1,Costa_Rica
1,Costa_Rica
1,Costa_Rica
2,Costa_Rica
1,Costa_Rica
2,Costa_Rica
1,Costa_Rica
2,Costa_Rica
2,Costa_Rica
1,Costa_Rica
3,Costa_Rica
1,Costa_Rica
1,Costa_Rica
2,Costa_Rica
2,Costa_Rica
3,Costa_Rica
1,Costa_Rica
2,Costa_Rica
1,Costa_Rica
1,Costa_Rica
2,Costa_Rica
1,Costa_Rica
4,Costa_Rica
4,Costa_Rica
3,Costa_Rica
2,Costa_Rica
2,Costa_Rica
2,Costa_Rica
4,Costa_Rica
2,Costa_Rica
4,Costa_Rica
4,Costa_Rica
1,Costa_Rica
3,Costa_Rica
3,Costa_Rica
2,Costa_Rica
3,Costa_Rica
5,Costa_Rica
2,Costa_Rica
2,Costa_Rica
2,Costa_Rica
4,Costa_Rica
3,Costa_Rica
1,Costa_Rica
1,Costa_Rica
1,Costa_Rica
4,Costa_Rica
1,Costa_Rica
3,Costa_Rica
1,Costa_Rica
2,Costa_Rica
1,Costa_Rica
4,Costa_Rica
1,Costa_Rica
4,Costa_Rica
1,Costa_Rica
1,Costa_Rica
4,Costa_Rica
3,Costa_Rica
2,Costa_Rica
4,Costa_Rica
4,Costa_Rica
2,Costa_Rica
2,Costa_Rica
2,Costa_Rica
4,Costa_Rica
2,Costa_Rica
4,Costa_Rica
4,Costa_Rica
4,Costa_Rica
1,Costa_Rica
1,Costa_Rica
1,Costa_Rica
2,Costa_Rica
1,Costa_Rica
2,Costa_Rica
1,Costa_Rica
4,Costa_Rica
1,Costa_Rica
5,Costa_Rica
1,Costa_Rica
5,Costa_Rica
3,Costa_Rica
2,Costa_Rica
2,Costa_Rica
1,Costa_Rica
1,Costa_Rica
1,Costa_Rica
5,Costa_Rica
1,Costa_Rica
4,Costa_Rica
2,Costa_Rica
2,Costa_Rica
1,Costa_Rica
2,Costa_Rica
1,Costa_Rica
1,Costa_Rica
2,Costa_Rica
2,Costa_Rica
2,Costa_Rica
1,Costa_Rica
1,Costa_Rica
2,Costa_Rica
2,Costa_Rica
4,Costa_Rica
4,Costa_Rica
1,Costa_Rica
1,Costa_Rica
1,Costa_Rica
1,Costa_Rica
3,Costa_Rica
1,Costa_Rica
4,Costa_Rica
2,Costa_Rica
1,Costa_Rica
1,Costa_Rica
3,Costa_Rica
2,Costa_Rica
1,Costa_Rica
1,Costa_Rica
3,Costa_Rica
3,Costa_Rica
1,Costa_Rica
1,Costa_Rica
1,Costa_Rica
1,Costa_Rica
1,Costa_Rica
1,Costa_Rica
1,Costa_Rica
1,Costa_Rica
1,Costa_Rica
3,Costa_Rica
4,Costa_Rica
1,Costa_Rica
1,Costa_Rica
1,Costa_Rica
4,Costa_Rica
2,Costa_Rica
3,Costa_Rica
1,Costa_Rica
4,Costa_Rica
3,Costa_Rica
2,Costa_Rica
3,Costa_Rica
1,Costa_Rica
3,Costa_Rica
4,Costa_Rica
1,Costa_Rica
3,Costa_Rica
3,Costa_Rica
1,Costa_Rica
1,Costa_Rica
1,Costa_Rica
3,Costa_Rica
1,Costa_Rica
1,Costa_Rica
1,Costa_Rica
2,Costa_Rica
3,Costa_Rica
2,Costa_Rica
1,Costa_Rica
4,Costa_Rica
2,Costa_Rica
2,Costa_Rica
1,Costa_Rica
4,Costa_Rica
3,Costa_Rica
2,Costa_Rica
2,Costa_Rica
3,Costa_Rica
4,Costa_Rica
2,Costa_Rica
2,Costa_Rica
4,Costa_Rica
3,Costa_Rica
1,Costa_Rica
3,Costa_Rica
3,Costa_Rica
4,Costa_Rica
4,Costa_Rica
4,Costa_Rica
1,Costa_Rica
1,Costa_Rica
1,Costa_Rica
1,Costa_Rica
3,Costa_Rica
1,Costa_Rica
3,Costa_Rica
2,Costa_Rica
2,Costa_Rica
2,Costa_Rica
3,Costa_Rica
3,Costa_Rica
3,Costa_Rica
3,Costa_Rica
1,Costa_Rica
1,Costa_Rica
2,Costa_Rica
1,Costa_Rica
3,Costa_Rica
3,Costa_Rica
1,Costa_Rica
2,Costa_Rica
2,Costa_Rica
4,Costa_Rica
1,Costa_Rica
3,Costa_Rica
2,Costa_Rica
5,Costa_Rica
2,Costa_Rica
2,Costa_Rica
2,Costa_Rica
1,Costa_Rica
2,Costa_Rica
2,Costa_Rica
1,Costa_Rica
2,Costa_Rica
2,Costa_Rica
2,Costa_Rica
1,Costa_Rica
1,Costa_Rica
1,Costa_Rica
2,Costa_Rica
1,Costa_Rica
2,Costa_Rica
4,Costa_Rica
1,Costa_Rica
6,Costa_Rica
3,Costa_Rica
3,Costa_Rica
1,Costa_Rica
2,Costa_Rica
3,Costa_Rica
3,Costa_Rica
2,Costa_Rica
3,Costa_Rica
1,Costa_Rica
4,Costa_Rica
2,Costa_Rica
2,Costa_Rica
2,Costa_Rica
1,Costa_Rica
2,Costa_Rica
1,Costa_Rica
2,Costa_Rica
3,Costa_Rica
1,Costa_Rica
5,Costa_Rica
1,Costa_Rica
1,Costa_Rica
1,Costa_Rica
1,Costa_Rica
1,Costa_Rica
4,Costa_Rica
2,Costa_Rica
2,Costa_Rica
2,Costa_Rica
2,Costa_Rica
2,Costa_Rica
2,Costa_Rica
6,Costa_Rica
2,Costa_Rica
2,Costa_Rica
1,Costa_Rica
2,Costa_Rica
2,Costa_Rica
3,Costa_Rica
5,Costa_Rica
2,Costa_Rica
4,Costa_Rica
2,Costa_Rica
3,Costa_Rica
2,Costa_Rica
4,Costa_Rica
4,Costa_Rica
2,Costa_Rica
2,Costa_Rica
2,Costa_Rica
4,Costa_Rica
4,Costa_Rica
2,Costa_Rica
4,Costa_Rica
1,Costa_Rica
3,Costa_Rica
1,Costa_Rica
4,Costa_Rica
1,Costa_Rica
4,Costa_Rica
2,Costa_Rica
2,Costa_Rica
1,Costa_Rica
2,Costa_Rica
1,Costa_Rica
3,Costa_Rica
2,Costa_Rica
3,Costa_Rica
1,Costa_Rica
4,Costa_Rica
2,Costa_Rica
2,Costa_Rica
3,Costa_Rica
3,Costa_Rica
4,Costa_Rica
3,Costa_Rica
1,Costa_Rica
4,Costa_Rica
3,Costa_Rica
2,Costa_Rica
4,Costa_Rica
2,Costa_Rica
3,Costa_Rica
2,Costa_Rica
1,Costa_Rica
1,Costa_Rica
1,Costa_Rica
1,Costa_Rica
1,Costa_Rica
3,Costa_Rica
3,Costa_Rica
1,Costa_Rica
2,Costa_Rica
2,Costa_Rica
1,Costa_Rica
3,Costa_Rica
2,Costa_Rica
2,Costa_Rica
2,Costa_Rica
6,Costa_Rica
2,Costa_Rica
2,Costa_Rica
3,Costa_Rica
3,Costa_Rica
2,Costa_Rica
2,Costa_Rica
2,Costa_Rica
2,Costa_Rica
2,Costa_Rica
2,Costa_Rica
2,Costa_Rica
3,Costa_Rica
2,Costa_Rica
1,Costa_Rica
5,Costa_Rica
4,Costa_Rica
5,Costa_Rica
1,Costa_Rica
5,Costa_Rica
1,Costa_Rica
4,Costa_Rica
4,Costa_Rica
2,Costa_Rica
4,Costa_Rica
3,Costa_Rica
2,Costa_Rica
2,Costa_Rica
2,Costa_Rica
2,Costa_Rica
2,Costa_Rica
3,Costa_Rica
2,Costa_Rica
2,Costa_Rica
4,Costa_Rica
3,Costa_Rica
2,Costa_Rica
2,Costa_Rica
5,Costa_Rica
3,Costa_Rica
1,Costa_Rica
2,Costa_Rica
1,Costa_Rica
4,Costa_Rica
3,Costa_Rica
2,Costa_Rica
1,Costa_Rica
2,Costa_Rica
3,Costa_Rica
1,Costa_Rica
2,Costa_Rica
2,Costa_Rica
5,Costa_Rica
4,Costa_Rica
3,Costa_Rica
5,Costa_Rica
1,Costa_Rica
2,Costa_Rica
5,Costa_Rica
3,Costa_Rica
2,Costa_Rica
2,Costa_Rica
4,Costa_Rica
3,Costa_Rica
1,Costa_Rica
1,Costa_Rica
3,Costa_Rica
4,Costa_Rica
6,Costa_Rica
2,Costa_Rica
4,Costa_Rica
4,Costa_Rica
2,Costa_Rica
2,Costa_Rica
6,Costa_Rica
2,Costa_Rica
2,Costa_Rica
2,Costa_Rica
5,Costa_Rica
3,Costa_Rica
5,Costa_Rica
4,Costa_Rica
2,Costa_Rica
2,Costa_Rica
6,Costa_Rica
2,Costa_Rica
3,Costa_Rica
4,Costa_Rica
3,Costa_Rica
2,Costa_Rica
5,Costa_Rica
2,Costa_Rica
1,Costa_Rica
3,Costa_Rica
2,Costa_Rica
1,Costa_Rica
4,Costa_Rica
1,Costa_Rica
1,Costa_Rica
1,Costa_Rica
1,Costa_Rica
1,Costa_Rica
1,Costa_Rica
2,Costa_Rica
2,Costa_Rica
2,Costa_Rica
2,Costa_Rica
4,Costa_Rica
1,Costa_Rica
2,Costa_Rica
3,Costa_Rica
2,Costa_Rica
2,Costa_Rica
1,Costa_Rica
1,Costa_Rica
3,Costa_Rica
2,Costa_Rica
2,Costa_Rica
4,Costa_Rica
1,Costa_Rica
3,Costa_Rica
2,Costa_Rica
2,Costa_Rica
2,Costa_Rica
4,Costa_Rica
2,Costa_Rica
1,Costa_Rica
2,Costa_Rica
2,Costa_Rica
4,Costa_Rica
3,Costa_Rica
2,Costa_Rica
2,Costa_Rica
5,Costa_Rica
2,Costa_Rica
2,Costa_Rica
2,Costa_Rica
2,Costa_Rica
1,Costa_Rica
1,Costa_Rica
3,Costa_Rica
2,Costa_Rica
2,Costa_Rica
4,Costa_Rica
6,Costa_Rica
6,Costa_Rica
2,Costa_Rica
2,Costa_Rica
6,Costa_Rica
1,Costa_Rica
2,Costa_Rica
1,Costa_Rica
2,Costa_Rica
3,Costa_Rica
1,Costa_Rica
1,Costa_Rica
2,Costa_Rica
4,Costa_Rica
3,Costa_Rica
5,Costa_Rica
1,Costa_Rica
2,Costa_Rica
3,Costa_Rica
3,Costa_Rica
2,Costa_Rica
2,Costa_Rica
3,Costa_Rica
2,Costa_Rica
3,Costa_Rica
2,Costa_Rica
4,Costa_Rica
2,Costa_Rica
2,Costa_Rica
3,Costa_Rica
4,Costa_Rica
2,Costa_Rica
1,Costa_Rica
5,Costa_Rica
3,Costa_Rica
5,Costa_Rica
3,Costa_Rica
2,Costa_Rica
5,Costa_Rica
3,Costa_Rica
2,Costa_Rica
4,Costa_Rica
2,Costa_Rica
2,Costa_Rica
3,Costa_Rica
2,Costa_Rica
3,Costa_Rica
1,Costa_Rica
4,Costa_Rica
1,Costa_Rica
1,Costa_Rica
2,Costa_Rica
2,Costa_Rica
2,Costa_Rica
2,Costa_Rica
2,Costa_Rica
1,Costa_Rica
2,Costa_Rica
1,Costa_Rica
4,Costa_Rica
2,Costa_Rica
1,Costa_Rica
2,Costa_Rica
3,Costa_Rica
4,Costa_Rica
2,Costa_Rica
4,Costa_Rica
2,Costa_Rica
3,Costa_Rica
4,Costa_Rica
2,Costa_Rica
1,Costa_Rica
2,Costa_Rica
2,Costa_Rica
3,Costa_Rica
3,Costa_Rica
1,Costa_Rica
2,Costa_Rica
4,Costa_Rica
4,Costa_Rica
2,Costa_Rica
2,Costa_Rica
1,Costa_Rica
1,Costa_Rica
4,Costa_Rica
2,Costa_Rica
4,Costa_Rica
2,Costa_Rica
2,Costa_Rica
1,Costa_Rica
3,Costa_Rica
2,Costa_Rica
2,Costa_Rica
2,Costa_Rica
5,Costa_Rica
1,Costa_Rica
2,Costa_Rica
3,Costa_Rica
4,Costa_Rica
2,Costa_Rica
2,Costa_Rica
3,Costa_Rica
1,Costa_Rica
2,Costa_Rica
5,Costa_Rica
4,Costa_Rica
2,Costa_Rica
2,Costa_Rica
5,Costa_Rica
2,Costa_Rica
2,Costa_Rica
1,Costa_Rica
3,Costa_Rica
3,Costa_Rica
2,Costa_Rica
6,Costa_Rica
4,Costa_Rica
4,Costa_Rica
2,Costa_Rica
5,Costa_Rica
2,Costa_Rica
5,Costa_Rica
4,Costa_Rica
3,Costa_Rica
1,Costa_Rica
2,Costa_Rica
1,Costa_Rica
1,Costa_Rica
2,Costa_Rica
1,Costa_Rica
1,Costa_Rica
2,Costa_Rica
2,Costa_Rica
3,Costa_Rica
2,Costa_Rica
6,Costa_Rica
4,Costa_Rica
5,Costa_Rica
2,Costa_Rica
1,Costa_Rica
2,Costa_Rica
4,Costa_Rica
1,Costa_Rica
3,Costa_Rica
1,Costa_Rica
1,Costa_Rica
2,Costa_Rica
2,Costa_Rica
6,Costa_Rica
2,Costa_Rica
3,Costa_Rica
4,Costa_Rica
1,Costa_Rica
3,Costa_Rica
4,Costa_Rica
4,Costa_Rica
2,Costa_Rica
1,Costa_Rica
1,Costa_Rica
4,Costa_Rica
3,Costa_Rica
1,Costa_Rica
2,Costa_Rica
2,Costa_Rica
2,Costa_Rica
4,Costa_Rica
2,Costa_Rica
4,Costa_Rica
2,Costa_Rica
4,Costa_Rica
2,Costa_Rica
2,Costa_Rica
2,Costa_Rica
4,Costa_Rica
2,Costa_Rica
2,Costa_Rica
2,Costa_Rica
4,Costa_Rica
2,Costa_Rica
4,Costa_Rica
2,Costa_Rica
4,Costa_Rica
2,Costa_Rica
2,Costa_Rica
3,Costa_Rica
2,Costa_Rica
2,Costa_Rica
2,Costa_Rica
2,Costa_Rica
4,Costa_Rica
6,Costa_Rica
1,Costa_Rica
4,Costa_Rica
2,Costa_Rica
4,Costa_Rica
1,Costa_Rica
2,Costa_Rica
1,Costa_Rica
2,Costa_Rica
1,Costa_Rica
4,Costa_Rica
2,Costa_Rica
5,Costa_Rica
2,Costa_Rica
3,Costa_Rica
2,Costa_Rica
4,Costa_Rica
5,Costa_Rica
2,Costa_Rica
2,Costa_Rica
1,Costa_Rica
2,Costa_Rica
